Model,MAE,RMSE,R2
Linear Regression,1510.0341808542296,1922.4225447645715,0.9999995780585409
Decision Tree (default),4494.983150000007,5704.065205004678,0.9999962848220818
Decision Tree (GridSearch),4040.197952678595,5097.636169841585,0.9999970329499291
Random Forest (Optuna),3344.943243730512,4356.925121016095,0.9999978322725057
XGBoost (Optuna),35212.4467171875,44319.10284525882,0.9997728301642687
